filename,file_size,file_attributes,region_count,region_id,region_shape_attributes,region_attributes
IM0204731777_20982914_30247553.jpg,238192,"{}",1,0,"{""name"":""rect"",""x"":326,""y"":90,""width"":289,""height"":281}","{""terminal"":""white_terminal""}"
IM0204764217_21001792_23935536.jpg,185808,"{}",1,0,"{""name"":""rect"",""x"":46,""y"":826,""width"":117,""height"":132}","{""terminal"":""white_terminal""}"
IM0204877219_21052712_23261677_2_.jpeg,179377,"{}",1,0,"{""name"":""rect"",""x"":216,""y"":495,""width"":664,""height"":721}","{""terminal"":""white_terminal""}"
IM0204884147_21055766_22559624_6_.jpeg,296264,"{}",1,0,"{""name"":""rect"",""x"":4,""y"":156,""width"":1272,""height"":1546}","{""terminal"":""white_terminal""}"
TS904426580-cbd34f09-8b17-42ad-8337-d5992fa8a56d.jpg,144465,"{}",1,0,"{""name"":""rect"",""x"":52,""y"":351,""width"":1104,""height"":1160}","{""terminal"":""white_terminal""}"
TS904434876-6a208236-91d5-4005-821e-23fce342de5e.jpg,254797,"{}",1,0,"{""name"":""rect"",""x"":528,""y"":398,""width"":611,""height"":648}","{""terminal"":""white_terminal""}"
TS904434876-b54cd56c-21bd-4ad4-95d8-765bb83c75f8.jpg,196114,"{}",1,0,"{""name"":""rect"",""x"":581,""y"":333,""width"":263,""height"":311}","{""terminal"":""white_terminal""}"
TS904452653-06818174-f9ea-4cca-a6ab-98ddc6fd6e99.jpg,133164,"{}",1,0,"{""name"":""rect"",""x"":24,""y"":271,""width"":1101,""height"":1198}","{""terminal"":""white_terminal""}"
TS904472410-7a7bb6cc-d7a7-4dff-b331-73216271da5e.jpg,102251,"{}",1,0,"{""name"":""rect"",""x"":53,""y"":219,""width"":879,""height"":959}","{""terminal"":""white_terminal""}"
TS904476728-435391dd-eb15-4039-8762-fae400be3e7a.jpg,113743,"{}",1,0,"{""name"":""rect"",""x"":324,""y"":243,""width"":542,""height"":595}","{""terminal"":""white_terminal""}"
TS904476728-d7c8dc80-1160-4441-8daa-41672d025a8d.jpg,233970,"{}",1,0,"{""name"":""rect"",""x"":76,""y"":173,""width"":1468,""height"":1582}","{""terminal"":""white_terminal""}"
TS904476728-e48afcde-100b-4c5e-9a99-14c12dde8721.jpg,180681,"{}",1,0,"{""name"":""rect"",""x"":410,""y"":11,""width"":1112,""height"":1112}","{""terminal"":""white_terminal""}"
TS904478310-1f4fe9c6-178f-4aac-ba2e-b1079c8a36d0.jpg,222425,"{}",1,0,"{""name"":""rect"",""x"":389,""y"":335,""width"":750,""height"":783}","{""terminal"":""white_terminal""}"
TS904478310-0756e040-a169-4428-87fd-d9d3e2373e3d.jpg,216712,"{}",1,0,"{""name"":""rect"",""x"":264,""y"":108,""width"":874,""height"":880}","{""terminal"":""white_terminal""}"
TS904478310-81748d43-654d-459c-94b1-a4090e858501.jpg,235044,"{}",1,0,"{""name"":""rect"",""x"":378,""y"":227,""width"":772,""height"":750}","{""terminal"":""white_terminal""}"
TS904478310-ffab62c2-51b2-4510-b7e1-2a6ed8df0b1d.jpg,203393,"{}",1,0,"{""name"":""rect"",""x"":318,""y"":76,""width"":837,""height"":885}","{""terminal"":""white_terminal""}"
TS904480624-0b5f275e-30a1-4bde-839f-3b35984cc117.jpg,218464,"{}",1,0,"{""name"":""rect"",""x"":184,""y"":308,""width"":1090,""height"":1182}","{""terminal"":""white_terminal""}"
TS904480624-093d978f-b207-46c8-9b56-470b8f66d4bc.jpg,120862,"{}",1,0,"{""name"":""rect"",""x"":73,""y"":389,""width"":984,""height"":1065}","{""terminal"":""white_terminal""}"
TS904480624-393ab9ce-d3ab-4e0f-ab74-35a99a701744.jpg,154483,"{}",1,0,"{""name"":""rect"",""x"":24,""y"":320,""width"":1101,""height"":1215}","{""terminal"":""white_terminal""}"
TS904480624-2553741c-a312-495c-9395-de909bc3d22d.jpg,136294,"{}",1,0,"{""name"":""rect"",""x"":336,""y"":69,""width"":538,""height"":583}","{""terminal"":""white_terminal""}"
TS904483499-69639a22-a5c0-43c8-9d9d-39033c578216.jpg,102163,"{}",1,0,"{""name"":""rect"",""x"":4,""y"":101,""width"":1166,""height"":1344}","{""terminal"":""white_terminal""}"
TS904484104-6d4e5b49-4a3e-4c2b-8b3b-4b0d992ee7ac.jpg,240773,"{}",1,0,"{""name"":""rect"",""x"":549,""y"":491,""width"":108,""height"":123}","{""terminal"":""white_terminal""}"
TS904485358-04a98dae-2a20-4fd1-86a6-2523682024d4.jpg,141094,"{}",1,0,"{""name"":""rect"",""x"":180,""y"":489,""width"":712,""height"":773}","{""terminal"":""white_terminal""}"
TS904487932-222fe80d-29ea-445f-aa15-7c2521a853f2.jpg,129310,"{}",1,0,"{""name"":""rect"",""x"":429,""y"":126,""width"":318,""height"":338}","{""terminal"":""white_terminal""}"
TS904528259-31c7b5e3-2e54-4392-bd66-d8a471bdee1b.jpg,84106,"{}",1,0,"{""name"":""rect"",""x"":69,""y"":478,""width"":731,""height"":818}","{""terminal"":""white_terminal""}"
TS904528259-d3e30069-fa8b-4df3-afdf-6e3029ac2f14.jpg,162002,"{}",1,0,"{""name"":""rect"",""x"":130,""y"":407,""width"":1313,""height"":1436}","{""terminal"":""white_terminal""}"
TS904528321-c126bb61-1199-48fd-ad5d-bc7bd797307b.jpg,290719,"{}",1,0,"{""name"":""rect"",""x"":4,""y"":407,""width"":1443,""height"":1493}","{""terminal"":""white_terminal""}"
TS904528321-d37bc04a-40c7-4e14-ba1f-527f81a89f90.jpg,125004,"{}",1,0,"{""name"":""rect"",""x"":27,""y"":243,""width"":1042,""height"":1093}","{""terminal"":""white_terminal""}"
TS904528352-356839bf-4e5c-43ea-bd3d-8ffec6ff5c4f.jpg,108575,"{}",1,0,"{""name"":""rect"",""x"":113,""y"":440,""width"":896,""height"":942}","{""terminal"":""white_terminal""}"
TS904528357-9aaf433f-8303-4b46-8756-cbe5b619b68d.jpg,80485,"{}",1,0,"{""name"":""rect"",""x"":128,""y"":228,""width"":733,""height"":839}","{""terminal"":""white_terminal""}"
TS904528357-da420d5d-f9d8-4cca-a1f7-a669a420e3d8.jpg,104607,"{}",1,0,"{""name"":""rect"",""x"":2,""y"":283,""width"":954,""height"":992}","{""terminal"":""white_terminal""}"
TS904528426-b5f59f8b-54ab-4eb8-92b1-7fc32b905ab5.jpg,91070,"{}",1,0,"{""name"":""rect"",""x"":3,""y"":51,""width"":1166,""height"":1309}","{""terminal"":""white_terminal""}"
TS904528444-72e96e97-e718-44e2-b4ae-45d1fc737a3c.jpg,91070,"{}",1,0,"{""name"":""rect"",""x"":3,""y"":46,""width"":1166,""height"":1304}","{""terminal"":""white_terminal""}"
TS904528490-00c893f1-1010-4840-8910-2f1c1d6bfa01.jpg,99004,"{}",1,0,"{""name"":""rect"",""x"":278,""y"":3,""width"":537,""height"":691}","{""terminal"":""white_terminal""}"
TS904528492-68cd3e91-2b4b-4c76-b953-7498b29c0a0f.jpg,91070,"{}",1,0,"{""name"":""rect"",""x"":0,""y"":57,""width"":1166,""height"":1282}","{""terminal"":""white_terminal""}"
TS904528554-6a215beb-cebc-497c-84c3-3113f6078da5.jpg,91070,"{}",1,0,"{""name"":""rect"",""x"":0,""y"":49,""width"":1166,""height"":1293}","{""terminal"":""white_terminal""}"
TS904528579-1c5bf428-c433-448e-8c69-4b2c4a4bcdfc.jpg,284536,"{}",1,0,"{""name"":""rect"",""x"":540,""y"":97,""width"":525,""height"":623}","{""terminal"":""white_terminal""}"
TS904528609-17115be1-8fed-43cf-b0bb-ac707d62efe2.jpg,148295,"{}",1,0,"{""name"":""rect"",""x"":176,""y"":356,""width"":1242,""height"":1367}","{""terminal"":""white_terminal""}"
TS904528609-f3e512a8-f808-4a8f-8586-6e5e68fa0099.jpg,192451,"{}",1,0,"{""name"":""rect"",""x"":198,""y"":533,""width"":1188,""height"":1263}","{""terminal"":""white_terminal""}"
TS904528648-884b572a-bb58-4985-8be6-b5aadf2271f8.jpg,207905,"{}",1,0,"{""name"":""rect"",""x"":299,""y"":137,""width"":860,""height"":921}","{""terminal"":""white_terminal""}"
TS904528716-8fb58eff-2890-48dc-813f-6be068ead806.jpg,93224,"{}",1,0,"{""name"":""rect"",""x"":154,""y"":286,""width"":823,""height"":888}","{""terminal"":""white_terminal""}"
TS904528716-67825cf9-5fa4-4371-aa37-b923598121b1.jpg,131080,"{}",1,0,"{""name"":""rect"",""x"":5,""y"":105,""width"":1085,""height"":1166}","{""terminal"":""white_terminal""}"
TS904528758-8b26ca1b-9a7b-4f41-9544-f61d992effab.jpg,200221,"{}",1,0,"{""name"":""rect"",""x"":68,""y"":256,""width"":1375,""height"":1468}","{""terminal"":""white_terminal""}"
TS904528758-f009b331-9071-4aa5-89b4-b8d21fbb9681.jpg,182354,"{}",1,0,"{""name"":""rect"",""x"":130,""y"":137,""width"":1357,""height"":1497}","{""terminal"":""white_terminal""}"
TS904528764-4c49dcb9-46b6-4525-a0ad-61731ec0c3b4.jpg,199192,"{}",1,0,"{""name"":""rect"",""x"":471,""y"":281,""width"":579,""height"":608}","{""terminal"":""white_terminal""}"
TS904528764-26a7620b-b33f-4d95-a4d9-a5bff9a3633e.jpg,230114,"{}",1,0,"{""name"":""rect"",""x"":399,""y"":40,""width"":633,""height"":698}","{""terminal"":""white_terminal""}"
TS904528764-c1401e7d-709f-42ff-ad01-ce1d2eace627.jpg,188261,"{}",1,0,"{""name"":""rect"",""x"":367,""y"":209,""width"":630,""height"":691}","{""terminal"":""white_terminal""}"
TS904528789-6af31277-be29-4d05-93e0-001bbef5aa63.jpg,223669,"{}",1,0,"{""name"":""rect"",""x"":137,""y"":320,""width"":1317,""height"":1371}","{""terminal"":""white_terminal""}"
TS904528789-82853bdd-a974-4883-81d5-c5b843c14be2.jpg,140499,"{}",1,0,"{""name"":""rect"",""x"":104,""y"":421,""width"":1292,""height"":1389}","{""terminal"":""white_terminal""}"
TS904528797-0cc3e531-0487-4c8c-90d8-50f30f1c82dc.jpg,282527,"{}",1,0,"{""name"":""rect"",""x"":18,""y"":342,""width"":1475,""height"":1472}","{""terminal"":""white_terminal""}"
TS904528797-83e71dc4-ebc3-4ded-b33f-91b8ab699ec2.jpg,177974,"{}",1,0,"{""name"":""rect"",""x"":76,""y"":479,""width"":1364,""height"":1450}","{""terminal"":""white_terminal""}"
TS904528817-45325416-b321-4c6b-9840-af0d1e9ea8eb.jpg,97986,"{}",1,0,"{""name"":""rect"",""x"":124,""y"":424,""width"":947,""height"":1034}","{""terminal"":""white_terminal""}"
TS904528817-be9306e7-c56a-4b51-a9d9-5177f7c0b17b.jpg,105450,"{}",1,0,"{""name"":""rect"",""x"":205,""y"":254,""width"":783,""height"":853}","{""terminal"":""white_terminal""}"
TS904528870-41f7daf8-d672-4cd8-a41b-f0b79c76bd79.jpg,163135,"{}",1,0,"{""name"":""rect"",""x"":54,""y"":327,""width"":1364,""height"":1400}","{""terminal"":""white_terminal""}"
TS904528870-adfd9460-44f4-49ef-9a98-c4531e3f43fc.jpg,238597,"{}",1,0,"{""name"":""rect"",""x"":130,""y"":475,""width"":1285,""height"":1353}","{""terminal"":""white_terminal""}"
TS904528893-db3e2ca6-d563-41d3-bfe9-c6432056f01a.jpg,177209,"{}",1,0,"{""name"":""rect"",""x"":101,""y"":273,""width"":1436,""height"":1601}","{""terminal"":""white_terminal""}"
TS904528893-f8fb2b3c-3ec2-4b44-a9be-b229901b72fa.jpg,278446,"{}",1,0,"{""name"":""rect"",""x"":119,""y"":371,""width"":1317,""height"":1396}","{""terminal"":""white_terminal""}"
TS904528915-1c185c16-a6e6-44eb-9573-5fcbf6fe177d.jpg,233550,"{}",1,0,"{""name"":""rect"",""x"":38,""y"":157,""width"":1511,""height"":1603}","{""terminal"":""white_terminal""}"
TS904528915-307a35bd-b187-4698-b919-b17ca7c93b89.jpg,153016,"{}",1,0,"{""name"":""rect"",""x"":417,""y"":291,""width"":445,""height"":466}","{""terminal"":""white_terminal""}"
TS904528915-b97b28f9-7bc1-43ff-bbd6-7ae1096f5251.jpg,135920,"{}",1,0,"{""name"":""rect"",""x"":65,""y"":356,""width"":1457,""height"":1490}","{""terminal"":""white_terminal""}"
TS904528915-bfc5abab-d788-44b5-abfb-ee5402ecd864.jpg,209178,"{}",1,0,"{""name"":""rect"",""x"":205,""y"":410,""width"":1231,""height"":1349}","{""terminal"":""white_terminal""}"
TS904528935-0d951611-3a24-4cee-9984-b084847e7af9.jpg,344802,"{}",1,0,"{""name"":""rect"",""x"":470,""y"":437,""width"":556,""height"":594}","{""terminal"":""white_terminal""}"
TS904528935-6b9225a1-6c4a-438a-92c0-950a7c9a6139.jpg,187014,"{}",1,0,"{""name"":""rect"",""x"":416,""y"":367,""width"":810,""height"":891}","{""terminal"":""white_terminal""}"
TS904528935-9e2da01a-f5c2-4cd7-9f06-8f35d3943699.jpg,200433,"{}",1,0,"{""name"":""rect"",""x"":352,""y"":267,""width"":494,""height"":526}","{""terminal"":""white_terminal""}"
TS904528935-15f9d994-9338-42e7-82b3-d2a9f2d7aa9d.jpg,395865,"{}",1,0,"{""name"":""rect"",""x"":470,""y"":453,""width"":351,""height"":394}","{""terminal"":""white_terminal""}"
TS904528935-ab23859d-5f4d-42c2-a2d7-aedbb0304117.jpg,368806,"{}",1,0,"{""name"":""rect"",""x"":434,""y"":498,""width"":417,""height"":437}","{""terminal"":""white_terminal""}"
TS904528953-9c74f883-3aa5-4ccf-a64a-573fd9483d91.jpg,91623,"{}",1,0,"{""name"":""rect"",""x"":158,""y"":318,""width"":645,""height"":690}","{""terminal"":""white_terminal""}"
TS904531750-682bc603-c5ed-41eb-83ea-36bc5ba514d7.jpg,172698,"{}",1,0,"{""name"":""rect"",""x"":5,""y"":76,""width"":1147,""height"":1204}","{""terminal"":""white_terminal""}"
TS904531750-68748825-6826-40c1-9ef5-47b571d7964e.jpg,125431,"{}",1,0,"{""name"":""rect"",""x"":205,""y"":232,""width"":804,""height"":856}","{""terminal"":""white_terminal""}"
TS904531760-92223059-440f-458f-a1a0-6f739c793867.jpg,103375,"{}",1,0,"{""name"":""rect"",""x"":81,""y"":831,""width"":615,""height"":424}","{""terminal"":""white_terminal""}"
TS904531802-8968e2ff-0fee-4b3d-afef-15510ef71659.jpg,84009,"{}",1,0,"{""name"":""rect"",""x"":189,""y"":3,""width"":517,""height"":509}","{""terminal"":""white_terminal""}"
TS904531802-974420f8-b713-484f-86b1-52ffd950464f.jpg,71886,"{}",1,0,"{""name"":""rect"",""x"":49,""y"":225,""width"":826,""height"":977}","{""terminal"":""white_terminal""}"
TS904531819-2aa1a0e8-861c-48b8-a8fe-0dc42be84d56.jpg,134263,"{}",1,0,"{""name"":""rect"",""x"":171,""y"":81,""width"":414,""height"":463}","{""terminal"":""white_terminal""}"
TS904531819-44f74f02-6d7f-43f1-9598-22a23583f03b.jpg,78869,"{}",1,0,"{""name"":""rect"",""x"":0,""y"":214,""width"":877,""height"":1015}","{""terminal"":""white_terminal""}"
TS904531866-159fb0e4-835d-4561-8db0-969cec54d3d9.jpg,154607,"{}",1,0,"{""name"":""rect"",""x"":4,""y"":248,""width"":1461,""height"":1810}","{""terminal"":""white_terminal""}"
TS904531866-3199a08c-be04-4e6c-bd56-737fe3379556.jpg,157576,"{}",1,0,"{""name"":""rect"",""x"":205,""y"":79,""width"":1349,""height"":1677}","{""terminal"":""white_terminal""}"
TS904531866-e032cba0-0c03-43c9-a011-f27df02b70aa.jpg,113797,"{}",1,0,"{""name"":""rect"",""x"":73,""y"":332,""width"":767,""height"":742}","{""terminal"":""white_terminal""}"
TS904531931-02c2bde0-ab4d-49b5-85cc-b578bed6e5b6.jpg,81152,"{}",1,0,"{""name"":""rect"",""x"":24,""y"":40,""width"":1117,""height"":985}","{""terminal"":""white_terminal""}"
TS904531931-2be5e8f9-eb4e-4f09-8ef8-4470a59ffd29.jpg,129619,"{}",1,0,"{""name"":""rect"",""x"":38,""y"":426,""width"":928,""height"":996}","{""terminal"":""white_terminal""}"
TS904531931-b8d27e45-2999-4620-86f5-a73310078961.jpg,163327,"{}",1,0,"{""name"":""rect"",""x"":431,""y"":410,""width"":223,""height"":264}","{""terminal"":""white_terminal""}"
TS904532090-7bd5b5a7-9eca-458b-9b4e-4a10126ba247.jpg,141560,"{}",1,0,"{""name"":""rect"",""x"":436,""y"":194,""width"":319,""height"":314}","{""terminal"":""white_terminal""}"
TS904532090-478d5cdc-0d79-491e-b881-ff192abc9b03.jpg,260679,"{}",1,0,"{""name"":""rect"",""x"":497,""y"":620,""width"":365,""height"":382}","{""terminal"":""white_terminal""}"
TS904532090-b2dbbdce-ce88-4e72-aeb7-4ec965515722.jpg,228430,"{}",1,0,"{""name"":""rect"",""x"":588,""y"":829,""width"":259,""height"":274}","{""terminal"":""white_terminal""}"
TS904532090-bd677644-be2f-4f6d-a1e7-b8b63a39ece9.jpg,214734,"{}",1,0,"{""name"":""rect"",""x"":594,""y"":656,""width"":272,""height"":285}","{""terminal"":""white_terminal""}"
TS904532090-c196d100-51de-457c-8c28-5c90fcb69a7f.jpg,141241,"{}",1,0,"{""name"":""rect"",""x"":406,""y"":351,""width"":306,""height"":323}","{""terminal"":""white_terminal""}"
TS904532090-d14a01df-5252-4c9e-9d96-962c5f3763ee.jpg,210162,"{}",1,0,"{""name"":""rect"",""x"":605,""y"":557,""width"":279,""height"":307}","{""terminal"":""white_terminal""}"
TS904532394-6598fa5e-982f-4e39-9f0a-2c2953a5be6d.jpg,103726,"{}",1,0,"{""name"":""rect"",""x"":242,""y"":87,""width"":446,""height"":443}","{""terminal"":""white_terminal""}"
TS904532488-6653b63b-3ccb-4d99-875a-509f80d838f7.jpg,79016,"{}",1,0,"{""name"":""rect"",""x"":5,""y"":344,""width"":823,""height"":861}","{""terminal"":""white_terminal""}"
TS904532490-dfa8a412-4ed4-4d45-9629-05b761cf1eeb.jpg,159426,"{}",1,0,"{""name"":""rect"",""x"":273,""y"":659,""width"":553,""height"":610}","{""terminal"":""white_terminal""}"
TS904532505-0dc74200-2e09-48ae-8379-043a0a8c2607.jpg,216148,"{}",1,0,"{""name"":""rect"",""x"":302,""y"":4,""width"":806,""height"":799}","{""terminal"":""white_terminal""}"
TS904532505-3ba05cec-f251-48a6-8241-fa01d4d6df49.jpg,206935,"{}",1,0,"{""name"":""rect"",""x"":540,""y"":47,""width"":630,""height"":781}","{""terminal"":""white_terminal""}"
TS904532505-53d9b03d-18f5-4f6a-8f5b-8fc94d91acd3.jpg,79016,"{}",1,0,"{""name"":""rect"",""x"":16,""y"":349,""width"":807,""height"":858}","{""terminal"":""white_terminal""}"
TS904532505-b7c95da4-059e-4091-8715-398f5cea8933.jpg,199685,"{}",1,0,"{""name"":""rect"",""x"":417,""y"":101,""width"":781,""height"":914}","{""terminal"":""white_terminal""}"
TS904532515-596e19d5-f7ed-469b-a908-d41135343328.jpg,176738,"{}",1,0,"{""name"":""rect"",""x"":4,""y"":209,""width"":1306,""height"":1583}","{""terminal"":""white_terminal""}"
TS904532516-eb8ad8a7-edab-4a92-8bdc-37d8abadf3d3.jpg,159426,"{}",1,0,"{""name"":""rect"",""x"":275,""y"":664,""width"":553,""height"":610}","{""terminal"":""white_terminal""}"
TS904532718-3aa5efae-22ea-442e-898f-77a38ba58c2a.jpg,361112,"{}",1,0,"{""name"":""rect"",""x"":576,""y"":47,""width"":583,""height"":561}","{""terminal"":""white_terminal""}"
TS904532718-3b691325-2d5c-464a-a6ec-4968ddc39083.jpg,241229,"{}",1,0,"{""name"":""rect"",""x"":536,""y"":518,""width"":720,""height"":820}","{""terminal"":""white_terminal""}"
TS904532718-9ad919cf-01c2-4f0c-b36d-7a538c276eb6.jpg,337977,"{}",1,0,"{""name"":""rect"",""x"":493,""y"":313,""width"":511,""height"":529}","{""terminal"":""white_terminal""}"
TS904532718-722ee266-8093-44ad-994a-6725b2ab3f5e.jpg,131430,"{}",1,0,"{""name"":""rect"",""x"":459,""y"":324,""width"":300,""height"":302}","{""terminal"":""white_terminal""}"
TS904532718-02109f49-f6b1-4844-84cd-14fa5e176b2f.jpg,276747,"{}",1,0,"{""name"":""rect"",""x"":428,""y"":54,""width"":630,""height"":680}","{""terminal"":""white_terminal""}"
TS904532722-0710c6ba-04cf-49b8-b046-3c4e5028733b.jpg,142096,"{}",1,0,"{""name"":""rect"",""x"":283,""y"":318,""width"":659,""height"":718}","{""terminal"":""white_terminal""}"
TS904532722-879fa24d-2792-4c35-ae4e-1e1d83985333.jpg,142096,"{}",1,0,"{""name"":""rect"",""x"":275,""y"":324,""width"":664,""height"":710}","{""terminal"":""white_terminal""}"
TS904532767-937ba93b-a015-4899-b2c7-c617c03f61d6.jpg,167903,"{}",1,0,"{""name"":""rect"",""x"":76,""y"":327,""width"":1454,""height"":1601}","{""terminal"":""white_terminal""}"
TS904532767-af5c7c37-442e-4b5d-86a2-722d17510a15.jpg,229748,"{}",1,0,"{""name"":""rect"",""x"":133,""y"":587,""width"":1184,""height"":1216}","{""terminal"":""white_terminal""}"
TS904533078-94709185-af04-41f7-965f-2aa9f30803a9.jpg,94801,"{}",1,0,"{""name"":""rect"",""x"":51,""y"":57,""width"":1101,""height"":1206}","{""terminal"":""white_terminal""}"
TS904533078-c2141741-1902-400a-b76d-4e2e1c354a72.jpg,105016,"{}",1,0,"{""name"":""rect"",""x"":119,""y"":170,""width"":1009,""height"":1109}","{""terminal"":""white_terminal""}"
TS904533281-ec11c789-8759-48e1-a86f-6f1d8e50d675.jpg,218267,"{}",1,0,"{""name"":""rect"",""x"":50,""y"":345,""width"":1483,""height"":1634}","{""terminal"":""white_terminal""}"
TS904533294-4a1697c4-816c-4c78-8bea-69cd6d1d54c0.jpg,170899,"{}",1,0,"{""name"":""rect"",""x"":227,""y"":367,""width"":734,""height"":795}","{""terminal"":""white_terminal""}"
TS904533294-6f8ce6e9-4d72-43c7-8399-fba975839b04.jpg,78279,"{}",1,0,"{""name"":""rect"",""x"":421,""y"":502,""width"":418,""height"":459}","{""terminal"":""white_terminal""}"
TS904533294-9e6af78e-63e3-4d91-9590-adf92ae8d70a.jpg,159615,"{}",1,0,"{""name"":""rect"",""x"":288,""y"":471,""width"":759,""height"":835}","{""terminal"":""white_terminal""}"
TS904533294-25645cee-1c2e-4cd2-a7dc-10ff45e7e0d1.jpg,167319,"{}",1,0,"{""name"":""rect"",""x"":320,""y"":464,""width"":752,""height"":820}","{""terminal"":""white_terminal""}"
TS904533294-a204aea1-a862-47dd-bba7-b97c20caddb6.jpg,154348,"{}",1,0,"{""name"":""rect"",""x"":266,""y"":464,""width"":802,""height"":885}","{""terminal"":""white_terminal""}"
TS904533294-c8bf3d8c-e385-40fb-943d-d4fd95107185.jpg,94801,"{}",1,0,"{""name"":""rect"",""x"":270,""y"":421,""width"":613,""height"":683}","{""terminal"":""white_terminal""}"
TS904533326-56ac1eae-54bc-4092-80b6-e10943447981.jpg,70438,"{}",1,0,"{""name"":""rect"",""x"":3,""y"":428,""width"":828,""height"":999}","{""terminal"":""white_terminal""}"
TS904533326-c56277af-b935-4ad1-a630-93d967f53956.jpg,117464,"{}",1,0,"{""name"":""rect"",""x"":426,""y"":100,""width"":297,""height"":335}","{""terminal"":""white_terminal""}"
TS904533380-024a1e10-1a39-46a3-a16d-1982411501e3.jpg,102340,"{}",1,0,"{""name"":""rect"",""x"":84,""y"":319,""width"":785,""height"":855}","{""terminal"":""white_terminal""}"
TS904533380-287e26c4-9ef3-4ff4-8325-8938ac2fd7bc.jpg,63568,"{}",1,0,"{""name"":""rect"",""x"":24,""y"":506,""width"":712,""height"":790}","{""terminal"":""white_terminal""}"
TS904533380-610a1bdf-7cc6-44e0-b705-78973dc1ebeb.jpg,122658,"{}",1,0,"{""name"":""rect"",""x"":189,""y"":343,""width"":672,""height"":783}","{""terminal"":""white_terminal""}"
TS904533481-6e0f11fb-3e10-401f-bb72-df2073f39e43.jpg,136725,"{}",1,0,"{""name"":""rect"",""x"":396,""y"":443,""width"":864,""height"":925}","{""terminal"":""white_terminal""}"
TS904533481-7c7d2e77-e25f-4573-aada-3c5c9c795a74.jpg,186079,"{}",1,0,"{""name"":""rect"",""x"":327,""y"":349,""width"":713,""height"":756}","{""terminal"":""white_terminal""}"
TS904533481-7d02484c-ff0a-4998-8e69-b612df1f2b7e.jpg,180072,"{}",1,0,"{""name"":""rect"",""x"":425,""y"":407,""width"":806,""height"":885}","{""terminal"":""white_terminal""}"
TS904533481-221e7fbe-38c6-4c23-88e2-2e7b05db54b6.jpg,105092,"{}",1,0,"{""name"":""rect"",""x"":286,""y"":219,""width"":580,""height"":599}","{""terminal"":""white_terminal""}"
TS904533481-33372665-78a4-4606-af8a-7d2848e6b536.jpg,170054,"{}",1,0,"{""name"":""rect"",""x"":320,""y"":547,""width"":799,""height"":846}","{""terminal"":""white_terminal""}"
TS904533481-eec3a1a6-ee3f-4d73-8e54-5c45813b2cd0.jpg,108389,"{}",1,0,"{""name"":""rect"",""x"":362,""y"":354,""width"":580,""height"":610}","{""terminal"":""white_terminal""}"
TS904533617-bfc8e1c6-bb5c-4b15-a90f-6ca7a8ed1bb9.jpg,119633,"{}",1,0,"{""name"":""rect"",""x"":3,""y"":173,""width"":972,""height"":1144}","{""terminal"":""white_terminal""}"
TS904533692-692add41-35f8-4672-a46a-50bc127fb905.jpg,117122,"{}",1,0,"{""name"":""rect"",""x"":370,""y"":151,""width"":308,""height"":321}","{""terminal"":""white_terminal""}"
TS904533692-5850fb67-e8de-4e98-852b-681f53ca3691.jpg,119633,"{}",1,0,"{""name"":""rect"",""x"":0,""y"":186,""width"":974,""height"":1120}","{""terminal"":""white_terminal""}"
TS904533702-02a784a6-8df0-4deb-ad8c-3870c369f33e.jpg,119633,"{}",1,0,"{""name"":""rect"",""x"":3,""y"":181,""width"":980,""height"":1136}","{""terminal"":""white_terminal""}"
TS904533702-312a86e7-f665-4110-88e1-8407d80e2c0b.jpg,137873,"{}",1,0,"{""name"":""rect"",""x"":459,""y"":510,""width"":318,""height"":354}","{""terminal"":""white_terminal""}"
TS904533741-c8c28802-40c7-41d3-9296-3d9c5a11cc92.jpg,80061,"{}",1,0,"{""name"":""rect"",""x"":8,""y"":179,""width"":807,""height"":850}","{""terminal"":""white_terminal""}"
TS904533763-826b07c9-0293-4fe6-80ed-a92ed189df9e.jpg,107705,"{}",1,0,"{""name"":""rect"",""x"":5,""y"":297,""width"":1098,""height"":1255}","{""terminal"":""white_terminal""}"
TS904534348-0eadd949-77c6-4a1e-a1c1-84c5ef417203.jpg,156136,"{}",1,0,"{""name"":""rect"",""x"":383,""y"":505,""width"":283,""height"":275}","{""terminal"":""white_terminal""}"
TS904534348-84da5c0c-9b59-496d-af89-ac518883b33e.jpg,136797,"{}",1,0,"{""name"":""rect"",""x"":3,""y"":238,""width"":1150,""height"":1271}","{""terminal"":""white_terminal""}"
TS904534348-dd1bbb65-8668-4755-b9dc-4b8ad05b5b42.jpg,169482,"{}",1,0,"{""name"":""rect"",""x"":8,""y"":313,""width"":1098,""height"":1161}","{""terminal"":""white_terminal""}"
TS904534547-530afb79-815f-4bea-9935-2355d19987d0.jpg,163294,"{}",1,0,"{""name"":""rect"",""x"":14,""y"":309,""width"":1270,""height"":1349}","{""terminal"":""white_terminal""}"
TS904534566-825180c1-c74f-4956-8603-bc630240f693.jpg,148928,"{}",1,0,"{""name"":""rect"",""x"":363,""y"":637,""width"":720,""height"":788}","{""terminal"":""white_terminal""}"
TS904535113-045d04e4-6d54-44fe-9031-21eb81010fbd.jpg,93027,"{}",1,0,"{""name"":""rect"",""x"":89,""y"":273,""width"":1047,""height"":1134}","{""terminal"":""white_terminal""}"
TS904535113-a4c1dcda-7e9b-4831-80ca-96cc002329b4.jpg,110479,"{}",1,0,"{""name"":""rect"",""x"":262,""y"":78,""width"":526,""height"":537}","{""terminal"":""white_terminal""}"
TS904535147-c726e5f5-4a3a-4727-bb0f-6f302279256a.jpg,196815,"{}",1,0,"{""name"":""rect"",""x"":291,""y"":144,""width"":741,""height"":820}","{""terminal"":""white_terminal""}"
TS904535147-c7685cb1-0ac6-4085-9f14-306075b11bce.jpg,105728,"{}",1,0,"{""name"":""rect"",""x"":0,""y"":152,""width"":785,""height"":853}","{""terminal"":""white_terminal""}"
TS904535306-847aa8c5-f181-4f7a-bd2a-d8251eeb9a22.jpg,52377,"{}",1,0,"{""name"":""rect"",""x"":0,""y"":246,""width"":576,""height"":663}","{""terminal"":""white_terminal""}"
TS904535864-02e37533-582b-46f6-8bb1-fdb669d0dabd.jpg,82619,"{}",1,0,"{""name"":""rect"",""x"":142,""y"":352,""width"":822,""height"":870}","{""terminal"":""white_terminal""}"
TS904535992-86f568d4-5f5b-4aa9-a8c1-28352cf62281.jpg,109727,"{}",1,0,"{""name"":""rect"",""x"":358,""y"":411,""width"":436,""height"":489}","{""terminal"":""white_terminal""}"
TS904535992-095c8771-10cb-443d-a71d-6366aafc3f95.jpg,138805,"{}",1,0,"{""name"":""rect"",""x"":39,""y"":270,""width"":1081,""height"":1095}","{""terminal"":""white_terminal""}"
TS904535992-50566598-ee9b-41aa-b29b-a72768804b38.jpg,109727,"{}",1,0,"{""name"":""rect"",""x"":335,""y"":416,""width"":462,""height"":483}","{""terminal"":""white_terminal""}"
TS904536000-11ed2595-3109-43ef-a218-11c5cb44e1f1.jpg,109033,"{}",1,0,"{""name"":""rect"",""x"":3,""y"":3,""width"":1163,""height"":1309}","{""terminal"":""white_terminal""}"
TS904536000-c5d59dc9-4ce2-4a13-b977-9223463976da.jpg,90743,"{}",1,0,"{""name"":""rect"",""x"":313,""y"":507,""width"":559,""height"":642}","{""terminal"":""white_terminal""}"
TS904536000-f2537937-8f40-4ff4-b1fe-b36106b3abe1.jpg,90743,"{}",1,0,"{""name"":""rect"",""x"":313,""y"":505,""width"":561,""height"":650}","{""terminal"":""white_terminal""}"
TS904536693-0b0df925-9ea1-4cfe-85b2-2ffb608295f1.jpg,90930,"{}",1,0,"{""name"":""rect"",""x"":0,""y"":308,""width"":974,""height"":1023}","{""terminal"":""white_terminal""}"
TS904536693-1650bb43-ed20-4ccc-b230-a730a293432c.jpg,90930,"{}",1,0,"{""name"":""rect"",""x"":0,""y"":308,""width"":947,""height"":1018}","{""terminal"":""white_terminal""}"
TS904536725-50510500-ac99-4609-aecf-37efb5e9cc82.jpg,114396,"{}",1,0,"{""name"":""rect"",""x"":105,""y"":8,""width"":847,""height"":934}","{""terminal"":""white_terminal""}"
TS904536725-56621792-e132-42ef-9403-cd2460765e83.jpg,245925,"{}",1,0,"{""name"":""rect"",""x"":331,""y"":169,""width"":695,""height"":745}","{""terminal"":""white_terminal""}"
TS904536911-223ce126-863f-429f-9ca4-58b20419f144.jpg,156996,"{}",1,0,"{""name"":""rect"",""x"":340,""y"":399,""width"":424,""height"":467}","{""terminal"":""white_terminal""}"
TS904536911-641401e4-c284-4af4-9d08-bb3223544982.jpg,112558,"{}",1,0,"{""name"":""rect"",""x"":143,""y"":356,""width"":810,""height"":847}","{""terminal"":""white_terminal""}"
TS904536911-a4805971-5fa5-45c4-90c5-02ca9dbab3ac.jpg,112558,"{}",1,0,"{""name"":""rect"",""x"":146,""y"":351,""width"":799,""height"":858}","{""terminal"":""white_terminal""}"
TS904536911-c31ffd38-6e0e-47c1-b762-3fc24c5926a0.jpg,156996,"{}",1,0,"{""name"":""rect"",""x"":332,""y"":394,""width"":426,""height"":467}","{""terminal"":""white_terminal""}"
TS904536929-31d5e4b5-8f84-4349-849b-d5c578eea6e0.jpg,112558,"{}",1,0,"{""name"":""rect"",""x"":151,""y"":345,""width"":791,""height"":864}","{""terminal"":""white_terminal""}"
TS904536929-617e3866-e8e2-4414-9a18-97dafa6e179b.jpg,156996,"{}",1,0,"{""name"":""rect"",""x"":335,""y"":408,""width"":429,""height"":456}","{""terminal"":""white_terminal""}"
TS904536929-878e3fd0-b60b-4b76-82e0-3808a825c3a7.jpg,112558,"{}",1,0,"{""name"":""rect"",""x"":143,""y"":340,""width"":802,""height"":885}","{""terminal"":""white_terminal""}"
TS904536929-b641bab9-16b9-44d3-a30b-4d33d246ae90.jpg,156996,"{}",1,0,"{""name"":""rect"",""x"":335,""y"":402,""width"":437,""height"":472}","{""terminal"":""white_terminal""}"
TS904536947-1a662cac-d2e2-47bd-9910-48bd83b8d4b4.jpg,112558,"{}",1,0,"{""name"":""rect"",""x"":140,""y"":340,""width"":802,""height"":885}","{""terminal"":""white_terminal""}"
TS904536947-2dea862e-9f02-4cf3-bf03-51adac497838.jpg,156996,"{}",1,0,"{""name"":""rect"",""x"":313,""y"":394,""width"":456,""height"":475}","{""terminal"":""white_terminal""}"
TS904536947-b5a8e0a8-d1b2-42ea-846b-97df090fd9ba.jpg,112558,"{}",1,0,"{""name"":""rect"",""x"":116,""y"":345,""width"":837,""height"":872}","{""terminal"":""white_terminal""}"
TS904536947-d9595a23-0bf6-408f-96dd-49ad7bc96eaa.jpg,156996,"{}",1,0,"{""name"":""rect"",""x"":337,""y"":399,""width"":426,""height"":470}","{""terminal"":""white_terminal""}"
TS904537107-045161b3-c974-4c97-9523-227beaad1578.jpg,120517,"{}",1,0,"{""name"":""rect"",""x"":375,""y"":453,""width"":305,""height"":337}","{""terminal"":""white_terminal""}"
TS904537107-dd826c27-5fe4-476e-a6e6-f25913dffed6.jpg,120517,"{}",1,0,"{""name"":""rect"",""x"":370,""y"":448,""width"":316,""height"":356}","{""terminal"":""white_terminal""}"
TS904537223-64124fbd-13fc-4b4e-bd4e-bb8bff259fcb.jpg,154150,"{}",1,0,"{""name"":""rect"",""x"":186,""y"":148,""width"":472,""height"":497}","{""terminal"":""white_terminal""}"
TS904537225-8d05eab8-5a4d-48e9-9c39-506b66d23db3.jpg,100578,"{}",1,0,"{""name"":""rect"",""x"":35,""y"":205,""width"":1036,""height"":1125}","{""terminal"":""white_terminal""}"
TS904537225-21f003c4-444a-4c7a-95a7-2a625e26a9ed.jpg,86248,"{}",1,0,"{""name"":""rect"",""x"":3,""y"":246,""width"":1166,""height"":1287}","{""terminal"":""white_terminal""}"
TS904537225-efc21c3c-406c-4676-9bfc-96a5e1cd8139.jpg,100578,"{}",1,0,"{""name"":""rect"",""x"":19,""y"":227,""width"":1058,""height"":1109}","{""terminal"":""white_terminal""}"
TS904537344-400d23bd-b75f-4a70-a1ed-5caaa09ac094.jpg,132913,"{}",1,0,"{""name"":""rect"",""x"":205,""y"":3,""width"":656,""height"":618}","{""terminal"":""white_terminal""}"
TS904537369-0b25d685-134d-4151-b838-733ba3f47431.jpg,177800,"{}",1,0,"{""name"":""rect"",""x"":173,""y"":4,""width"":907,""height"":1083}","{""terminal"":""white_terminal""}"
TS904537369-0ddb84a8-7f94-4d32-8a8d-c9d5ddd7a2f3.jpg,136015,"{}",1,0,"{""name"":""rect"",""x"":245,""y"":4,""width"":759,""height"":900}","{""terminal"":""white_terminal""}"
TS904537667-ff2d393e-5e7c-4ac9-9ff1-31a6e0b5ab58.jpg,181506,"{}",1,0,"{""name"":""rect"",""x"":14,""y"":4,""width"":1537,""height"":2069}","{""terminal"":""white_terminal""}"
TS904537769-7a1ef4ae-c3a4-4915-9ba0-0dd4206c91bc.jpg,159499,"{}",1,0,"{""name"":""rect"",""x"":76,""y"":25,""width"":1479,""height"":1918}","{""terminal"":""white_terminal""}"
TS904537972-4b12b818-aa49-4f18-a834-89273897a13f.jpg,93801,"{}",1,0,"{""name"":""rect"",""x"":143,""y"":329,""width"":675,""height"":696}","{""terminal"":""white_terminal""}"
TS904537972-44d6e096-63aa-42c3-ba6d-9491fbbf5da6.jpg,152301,"{}",1,0,"{""name"":""rect"",""x"":302,""y"":191,""width"":608,""height"":641}","{""terminal"":""white_terminal""}"
TS904537972-452ddc2e-2fd7-4172-9e88-855340f4c55c.jpg,171695,"{}",1,0,"{""name"":""rect"",""x"":414,""y"":363,""width"":439,""height"":511}","{""terminal"":""white_terminal""}"
TS904537972-1189620b-624c-4cb2-b6c1-016e9e9f02c4.jpg,103493,"{}",1,0,"{""name"":""rect"",""x"":148,""y"":351,""width"":731,""height"":796}","{""terminal"":""white_terminal""}"
TS904537972-08143903-06ff-4404-9a9f-1ef907998643.jpg,131773,"{}",1,0,"{""name"":""rect"",""x"":187,""y"":313,""width"":1278,""height"":1382}","{""terminal"":""white_terminal""}"
TS904538187-2d38e54e-6fb2-4ef8-88ac-bf5dee805a48.jpg,200545,"{}",1,0,"{""name"":""rect"",""x"":396,""y"":331,""width"":799,""height"":864}","{""terminal"":""white_terminal""}"
TS904538187-4e271dcf-1fbf-4bc7-98e6-5d5d26b49378.jpg,121829,"{}",1,0,"{""name"":""rect"",""x"":202,""y"":202,""width"":648,""height"":710}","{""terminal"":""white_terminal""}"
TS904538187-7e02d485-581c-4069-9fbe-de6fa8b72395.jpg,195065,"{}",1,0,"{""name"":""rect"",""x"":266,""y"":306,""width"":925,""height"":993}","{""terminal"":""white_terminal""}"
TS904538187-75c7c2f8-7f64-4c69-8178-e4ee83945180.jpg,117805,"{}",1,0,"{""name"":""rect"",""x"":283,""y"":364,""width"":591,""height"":623}","{""terminal"":""white_terminal""}"
TS904538187-be741aa9-a1e3-46ea-b934-5fa311068ded.jpg,205874,"{}",1,0,"{""name"":""rect"",""x"":410,""y"":378,""width"":810,""height"":763}","{""terminal"":""white_terminal""}"
TS904538187-c87f1a1e-1d34-4e3f-a7a5-4493192ca43b.jpg,188576,"{}",1,0,"{""name"":""rect"",""x"":371,""y"":338,""width"":849,""height"":921}","{""terminal"":""white_terminal""}"
TS904538479-ab04a678-c149-4996-b413-2d2eb9225572.jpg,64303,"{}",1,0,"{""name"":""rect"",""x"":35,""y"":202,""width"":813,""height"":890}","{""terminal"":""white_terminal""}"
TS904538531-302b4908-7f05-4a2d-a51f-042ec2dcc94e.jpg,187420,"{}",1,0,"{""name"":""rect"",""x"":68,""y"":230,""width"":1177,""height"":1274}","{""terminal"":""white_terminal""}"
TS904538583-1323e78f-c0aa-4154-9ccf-6c3231a05945.jpg,112558,"{}",1,0,"{""name"":""rect"",""x"":146,""y"":351,""width"":799,""height"":856}","{""terminal"":""white_terminal""}"
TS904538583-d793d233-a13d-411c-a1b8-3ea4f7e5004b.jpg,156996,"{}",1,0,"{""name"":""rect"",""x"":321,""y"":402,""width"":443,""height"":464}","{""terminal"":""white_terminal""}"
TS904538652-a33d0589-e1d1-4571-abc2-32fcd14b69ac.jpg,63711,"{}",1,0,"{""name"":""rect"",""x"":135,""y"":153,""width"":535,""height"":571}","{""terminal"":""white_terminal""}"
TS904538652-a683c0e6-d810-4a89-acea-e7589e53fbf7.jpg,145479,"{}",1,0,"{""name"":""rect"",""x"":135,""y"":413,""width"":910,""height"":1004}","{""terminal"":""white_terminal""}"
TS904538652-e7688542-0d7f-4021-89d0-ddeda4c1da09.jpg,120302,"{}",1,0,"{""name"":""rect"",""x"":81,""y"":408,""width"":885,""height"":980}","{""terminal"":""white_terminal""}"
TS904538700-87f7ef53-037e-4f26-91ca-a1050882a427.jpg,204376,"{}",1,0,"{""name"":""rect"",""x"":306,""y"":306,""width"":1112,""height"":1346}","{""terminal"":""white_terminal""}"
TS904538715-49d74baf-7718-46ee-b066-4489ffef2806.jpg,199753,"{}",1,0,"{""name"":""rect"",""x"":166,""y"":194,""width"":1285,""height"":1450}","{""terminal"":""white_terminal""}"
TS904538778-4ec71871-50df-41eb-8745-b501cf52e838.jpg,75398,"{}",1,0,"{""name"":""rect"",""x"":35,""y"":200,""width"":1120,""height"":1188}","{""terminal"":""white_terminal""}"
TS904538778-b67ab9ad-e16c-40de-a1cb-e9820cdef0f0.jpg,133682,"{}",1,0,"{""name"":""rect"",""x"":246,""y"":130,""width"":537,""height"":602}","{""terminal"":""white_terminal""}"
TS904538831-4ebf65e7-6996-4bdf-ba43-a229bd5b29f4.jpg,85460,"{}",1,0,"{""name"":""rect"",""x"":329,""y"":402,""width"":551,""height"":580}","{""terminal"":""white_terminal""}"
TS904538831-10acb1dd-2c74-4eb3-8a72-b0582eb11514.jpg,54807,"{}",1,0,"{""name"":""rect"",""x"":421,""y"":348,""width"":378,""height"":437}","{""terminal"":""white_terminal""}"
TS904538831-ba256bba-20c8-4475-930e-473a8258542c.jpg,86170,"{}",1,0,"{""name"":""rect"",""x"":3,""y"":510,""width"":996,""height"":1042}","{""terminal"":""white_terminal""}"
TS904538850-3ceb417b-3bb2-41e8-b370-5b5295fe1080.jpg,71667,"{}",1,0,"{""name"":""rect"",""x"":219,""y"":345,""width"":731,""height"":785}","{""terminal"":""white_terminal""}"
TS904538850-93816640-ca5b-43d5-a396-31d0596e68f6.jpg,82442,"{}",1,0,"{""name"":""rect"",""x"":267,""y"":435,""width"":615,""height"":637}","{""terminal"":""white_terminal""}"
TS904538850-f2421856-1eec-440b-a57b-0915064dfaf6.jpg,68329,"{}",1,0,"{""name"":""rect"",""x"":151,""y"":507,""width"":775,""height"":837}","{""terminal"":""white_terminal""}"
TS904539006-1bef070c-2e3a-4465-9107-24dbb6cc02a2.jpg,100578,"{}",1,0,"{""name"":""rect"",""x"":30,""y"":216,""width"":1044,""height"":1115}","{""terminal"":""white_terminal""}"
TS904539006-74bc82b1-c266-47e8-8a30-8f9f1685c20d.jpg,130171,"{}",1,0,"{""name"":""rect"",""x"":5,""y"":243,""width"":1158,""height"":1296}","{""terminal"":""white_terminal""}"
TS904539006-fdd9e1b1-99b3-4310-8c5c-422df555639c.jpg,100578,"{}",1,0,"{""name"":""rect"",""x"":35,""y"":216,""width"":1026,""height"":1128}","{""terminal"":""white_terminal""}"
TS904539008-53c60d99-49a0-453c-8f19-d268705e3607.jpg,334933,"{}",1,0,"{""name"":""rect"",""x"":54,""y"":216,""width"":1465,""height"":1573}","{""terminal"":""white_terminal""}"
TS904539008-c380c6c2-4892-4c94-945d-09ae03e5ecd6.jpg,121145,"{}",1,0,"{""name"":""rect"",""x"":505,""y"":132,""width"":329,""height"":480}","{""terminal"":""white_terminal""}"
TS904539008-f246fc6a-5da3-4aa4-a412-5f1948674e9f.jpg,197271,"{}",1,0,"{""name"":""rect"",""x"":309,""y"":608,""width"":946,""height"":1018}","{""terminal"":""white_terminal""}"
TS904539143-7c2c717c-ca39-4027-90c1-3571a1b774af.jpg,168495,"{}",1,0,"{""name"":""rect"",""x"":59,""y"":316,""width"":1093,""height"":1204}","{""terminal"":""white_terminal""}"
TS904539143-d44df02c-f80f-4a14-bc22-82751a3db567.jpg,118623,"{}",1,0,"{""name"":""rect"",""x"":159,""y"":324,""width"":1007,""height"":1034}","{""terminal"":""white_terminal""}"
TS904539202-921e837e-9d94-4d0c-a44e-b1dc559bedb7.jpg,166349,"{}",1,0,"{""name"":""rect"",""x"":122,""y"":684,""width"":569,""height"":615}","{""terminal"":""white_terminal""}"
TS904539202-e8dd9eb6-a771-438d-9a72-978d4c7a025b.jpg,157182,"{}",1,0,"{""name"":""rect"",""x"":11,""y"":243,""width"":1366,""height"":1474}","{""terminal"":""white_terminal""}"
TS904539214-29db5460-7dd6-490e-aa86-25da7ea441d5.jpg,133682,"{}",1,0,"{""name"":""rect"",""x"":231,""y"":109,""width"":563,""height"":623}","{""terminal"":""white_terminal""}"
TS904539214-a174edde-a042-4724-9bb3-1a31fde8c1df.jpg,62133,"{}",1,0,"{""name"":""rect"",""x"":65,""y"":312,""width"":1097,""height"":1125}","{""terminal"":""white_terminal""}"
TS904539282-27ee59a2-1e1e-45b2-bb83-53e834fafda5.jpg,252594,"{}",1,0,"{""name"":""rect"",""x"":4,""y"":182,""width"":1166,""height"":1372}","{""terminal"":""white_terminal""}"
TS904539282-65893456-084d-4c80-8bda-d789de2776e6.jpg,125736,"{}",1,0,"{""name"":""rect"",""x"":4,""y"":231,""width"":1105,""height"":1174}","{""terminal"":""white_terminal""}"
TS904539332-17c3ed5e-e6a5-47a0-825a-704097784214.jpg,66902,"{}",1,0,"{""name"":""rect"",""x"":65,""y"":316,""width"":955,""height"":976}","{""terminal"":""white_terminal""}"
TS904539332-1282cf0a-1658-4a99-9aad-ff8d6c7de71f.jpg,74759,"{}",1,0,"{""name"":""rect"",""x"":182,""y"":506,""width"":765,""height"":810}","{""terminal"":""white_terminal""}"
TS904539332-c9dbd6de-fb3b-4200-b812-d5d41cd6474d.jpg,69980,"{}",1,0,"{""name"":""rect"",""x"":16,""y"":275,""width"":1130,""height"":1113}","{""terminal"":""white_terminal""}"
TS904539332-ce2cb5fd-a92e-423d-be37-78c338cb50c6.jpg,74759,"{}",1,0,"{""name"":""rect"",""x"":182,""y"":514,""width"":761,""height"":798}","{""terminal"":""white_terminal""}"
TS904539332-ecd8c573-eaf5-43bd-b638-7bea842294f6.jpg,66902,"{}",1,0,"{""name"":""rect"",""x"":69,""y"":324,""width"":964,""height"":964}","{""terminal"":""white_terminal""}"
TS904539360-8b7ba034-2549-4c4e-956a-600248f16479.jpg,193630,"{}",1,0,"{""name"":""rect"",""x"":653,""y"":49,""width"":324,""height"":378}","{""terminal"":""white_terminal""}"
TS904539360-50088ce9-5a0b-4942-bc36-b1633bee1398.jpg,114928,"{}",1,0,"{""name"":""rect"",""x"":36,""y"":178,""width"":1077,""height"":1109}","{""terminal"":""white_terminal""}"
TS904539360-fb5e8509-643a-4478-abec-4c15849646c8.jpg,99407,"{}",1,0,"{""name"":""rect"",""x"":20,""y"":162,""width"":1044,""height"":1158}","{""terminal"":""white_terminal""}"
TS904540678-a26e1135-1f7b-403a-9893-62f87bb35cef.jpg,157573,"{}",1,0,"{""name"":""rect"",""x"":364,""y"":352,""width"":336,""height"":377}","{""terminal"":""white_terminal""}"
TS904540678-a376188b-6671-49d3-aac1-ceb1163a0490.jpg,115941,"{}",1,0,"{""name"":""rect"",""x"":4,""y"":340,""width"":1049,""height"":1210}","{""terminal"":""white_terminal""}"
TS904540678-b81202d9-5e53-4228-8c0f-4dd6316d7176.jpg,121341,"{}",1,0,"{""name"":""rect"",""x"":417,""y"":158,""width"":393,""height"":478}","{""terminal"":""white_terminal""}"
TS904540678-ed9dcf77-d563-4da2-97ae-cb0146611aca.jpg,121086,"{}",1,0,"{""name"":""rect"",""x"":4,""y"":162,""width"":1069,""height"":1231}","{""terminal"":""white_terminal""}"
TS904540788-19972773-5e07-4e4b-869b-af7a5303b748.jpg,200260,"{}",1,0,"{""name"":""rect"",""x"":551,""y"":318,""width"":556,""height"":561}","{""terminal"":""white_terminal""}"
TS904540823-9a041d37-6561-45be-ac71-a3c6b631d82f.jpg,284536,"{}",1,0,"{""name"":""rect"",""x"":524,""y"":86,""width"":551,""height"":637}","{""terminal"":""white_terminal""}"
TS904540944-894ff34b-719b-4382-ac76-b3a5091f4974.jpg,96674,"{}",1,0,"{""name"":""rect"",""x"":198,""y"":291,""width"":761,""height"":798}","{""terminal"":""white_terminal""}"
TS904540944-c0d8d34b-5a40-4620-bfbf-411b056f82ee.jpg,64303,"{}",1,0,"{""name"":""rect"",""x"":47,""y"":199,""width"":801,""height"":890}","{""terminal"":""white_terminal""}"
TS904541215-5872fac7-17d6-4493-8abe-a3517f7ab291.jpg,134975,"{}",1,0,"{""name"":""rect"",""x"":0,""y"":158,""width"":1073,""height"":1239}","{""terminal"":""white_terminal""}"
TS904541215-b0c8dccb-943c-452d-9021-531b181c9caf.jpg,138627,"{}",1,0,"{""name"":""rect"",""x"":186,""y"":271,""width"":559,""height"":607}","{""terminal"":""white_terminal""}"
TS904541284-88381ba6-5511-429c-8816-1e7eca93022a.jpg,157401,"{}",1,0,"{""name"":""rect"",""x"":478,""y"":4,""width"":453,""height"":421}","{""terminal"":""white_terminal""}"
TS904541284-f9aced45-dce4-484d-ab30-c8b2f31b4e40.jpg,119633,"{}",1,0,"{""name"":""rect"",""x"":4,""y"":174,""width"":976,""height"":1138}","{""terminal"":""white_terminal""}"
TS904541525-0b01ef0f-e216-47c1-a959-ae123c4c1c8a.jpg,106229,"{}",1,0,"{""name"":""rect"",""x"":182,""y"":385,""width"":494,""height"":510}","{""terminal"":""white_terminal""}"
TS904541525-27daff7c-5479-4027-a666-004f6221f127.jpg,117899,"{}",1,0,"{""name"":""rect"",""x"":206,""y"":478,""width"":607,""height"":615}","{""terminal"":""white_terminal""}"
TS904541525-eeb35027-00cf-4492-98c4-a7f3272165ec.jpg,137508,"{}",1,0,"{""name"":""rect"",""x"":57,""y"":194,""width"":822,""height"":850}","{""terminal"":""white_terminal""}"
TS904541581-4de29cd7-be9b-45fd-8901-f5148b0f901c.jpg,146864,"{}",1,0,"{""name"":""rect"",""x"":729,""y"":773,""width"":283,""height"":194}","{""terminal"":""white_terminal""}"
TS904541661-6ea76b0e-00d2-41dd-b797-1a8f705d791c.jpg,210084,"{}",1,0,"{""name"":""rect"",""x"":24,""y"":142,""width"":1138,""height"":1320}","{""terminal"":""white_terminal""}"
TS904541661-40b4a332-8856-4d17-a5d4-03a11c1af485.jpg,91130,"{}",1,0,"{""name"":""rect"",""x"":53,""y"":243,""width"":1020,""height"":1105}","{""terminal"":""white_terminal""}"
TS904541713-72252e46-8466-45ad-90d3-91fb5f94c71b.jpg,91130,"{}",1,0,"{""name"":""rect"",""x"":57,""y"":243,""width"":1008,""height"":1101}","{""terminal"":""white_terminal""}"
TS904541713-552792df-08d5-4f4e-a707-6c6a80c038bc.jpg,151403,"{}",1,0,"{""name"":""rect"",""x"":105,""y"":316,""width"":1049,""height"":1117}","{""terminal"":""white_terminal""}"
TS904541730-35d54d39-7440-41c1-9f4b-c308e09aaab9.jpg,194260,"{}",1,0,"{""name"":""rect"",""x"":8,""y"":174,""width"":1154,""height"":1291}","{""terminal"":""white_terminal""}"
TS904541730-da2cbf15-8912-4903-86d7-690157b8865b.jpg,112174,"{}",1,0,"{""name"":""rect"",""x"":4,""y"":77,""width"":1146,""height"":1340}","{""terminal"":""white_terminal""}"
TS904541755-9a9b334f-b953-4b02-b5df-898a28e5aa89.jpg,139481,"{}",1,0,"{""name"":""rect"",""x"":134,""y"":308,""width"":959,""height"":1032}","{""terminal"":""white_terminal""}"
TS904541755-9130b2bc-7ef6-4efc-a57c-ba6ddec48500.jpg,91130,"{}",1,0,"{""name"":""rect"",""x"":53,""y"":227,""width"":1016,""height"":1142}","{""terminal"":""white_terminal""}"
TS904542299-c42f91b4-f641-418f-bc9d-8e91ed0eedbe.jpg,161686,"{}",1,0,"{""name"":""rect"",""x"":16,""y"":97,""width"":1533,""height"":1684}","{""terminal"":""white_terminal""}"
TS904543144-09ebb136-5d15-4f8b-a1a7-95053671d393.jpg,69957,"{}",1,0,"{""name"":""rect"",""x"":4,""y"":77,""width"":1166,""height"":1474}","{""terminal"":""white_terminal""}"
TS904543144-1198d18d-ff58-4097-9edc-43532dd40181.jpg,129471,"{}",1,0,"{""name"":""rect"",""x"":178,""y"":397,""width"":441,""height"":490}","{""terminal"":""white_terminal""}"
TS904543144-e50c269e-6e3b-4230-a895-510e9f254398.jpg,154623,"{}",1,0,"{""name"":""rect"",""x"":611,""y"":874,""width"":235,""height"":235}","{""terminal"":""white_terminal""}"
TS904543377-1c13253b-5c40-42a7-bfd3-8d44df1e19d4.jpg,109077,"{}",1,0,"{""name"":""rect"",""x"":248,""y"":108,""width"":1220,""height"":1279}","{""terminal"":""white_terminal""}"
TS904543377-2bf41519-b1a8-42c9-b8d0-0ae2e804206c.jpg,151546,"{}",1,0,"{""name"":""rect"",""x"":0,""y"":81,""width"":1177,""height"":1269}","{""terminal"":""white_terminal""}"
TS904543377-8794cb2a-f6ec-4460-8efe-f17c669331c9.jpg,154006,"{}",1,0,"{""name"":""rect"",""x"":97,""y"":43,""width"":1225,""height"":1317}","{""terminal"":""white_terminal""}"
TS904543377-ed2d4fd7-d05a-4a31-a86b-0c7dd1d03f3a.jpg,107146,"{}",1,0,"{""name"":""rect"",""x"":194,""y"":32,""width"":1193,""height"":1247}","{""terminal"":""white_terminal""}"
TS904543603-1acb995d-afb9-4a37-9cce-2249e1bf6e72.jpg,121508,"{}",1,0,"{""name"":""rect"",""x"":405,""y"":555,""width"":231,""height"":259}","{""terminal"":""white_terminal""}"
TS904544431-35d06c79-5dec-439e-9fcc-1b04dc317d97.jpg,96975,"{}",1,0,"{""name"":""rect"",""x"":340,""y"":296,""width"":372,""height"":368}","{""terminal"":""white_terminal""}"
TS904544682-0e3c482b-8373-437d-96d6-f10146e61316.jpg,84899,"{}",1,0,"{""name"":""rect"",""x"":40,""y"":324,""width"":968,""height"":1024}","{""terminal"":""white_terminal""}"
TS904545369-381ddbca-daf0-4eb5-aba6-0f810f4e0701.jpg,145788,"{}",1,0,"{""name"":""rect"",""x"":372,""y"":275,""width"":837,""height"":864}","{""terminal"":""white_terminal""}"
TS904545369-a4700c1a-956c-47ef-bef7-172c52593bf8.jpg,118278,"{}",1,0,"{""name"":""rect"",""x"":393,""y"":291,""width"":271,""height"":368}","{""terminal"":""white_terminal""}"
TS904545473-6f73f84e-9a82-40b4-a5b7-9519e69150bb.jpg,230697,"{}",1,0,"{""name"":""rect"",""x"":103,""y"":340,""width"":1387,""height"":1366}","{""terminal"":""white_terminal""}"
TS904545473-8691f3e9-b1b2-4271-ba7e-d7758f329411.jpg,217949,"{}",1,0,"{""name"":""rect"",""x"":238,""y"":410,""width"":864,""height"":901}","{""terminal"":""white_terminal""}"
TS904545473-ed91862c-3e13-4c0f-a05f-99ca6b680e0d.jpg,222495,"{}",1,0,"{""name"":""rect"",""x"":151,""y"":5,""width"":1042,""height"":1026}","{""terminal"":""white_terminal""}"
TS904546009-630da7a4-9baa-4da4-9c2d-46914c2e151a.jpg,92293,"{}",1,0,"{""name"":""rect"",""x"":211,""y"":36,""width"":700,""height"":818}","{""terminal"":""white_terminal""}"
TS904546055-2737c27a-5ae7-4a36-aef4-b1bd963eb317.jpg,110420,"{}",1,0,"{""name"":""rect"",""x"":134,""y"":28,""width"":769,""height"":834}","{""terminal"":""white_terminal""}"
TS904546292-3e66b095-999a-464b-bc33-f359ab82442d.jpg,92073,"{}",1,0,"{""name"":""rect"",""x"":494,""y"":336,""width"":259,""height"":413}","{""terminal"":""white_terminal""}"
ZNO0308505560_21168214_20613254.jpeg,441868,"{}",1,0,"{""name"":""rect"",""x"":859,""y"":310,""width"":235,""height"":248}","{""terminal"":""white_terminal""}"
ZNO0308505660_21168250_20613263.jpeg,414454,"{}",1,0,"{""name"":""rect"",""x"":531,""y"":164,""width"":288,""height"":292}","{""terminal"":""white_terminal""}"
ZNO0308520648_21173712_21562795_3_.jpg,199586,"{}",1,0,"{""name"":""rect"",""x"":31,""y"":292,""width"":895,""height"":930}","{""terminal"":""white_terminal""}"
ZNO0308520842_21173922_23864956_1_.jpg,292233,"{}",1,0,"{""name"":""rect"",""x"":40,""y"":456,""width"":1112,""height"":1160}","{""terminal"":""white_terminal""}"
ZNO0308521034_21173926_22209922_1_.jpg,245835,"{}",1,0,"{""name"":""rect"",""x"":93,""y"":531,""width"":966,""height"":1050}","{""terminal"":""white_terminal""}"
ZNO0308521978_21174114_23472650_1_.jpg,150087,"{}",1,0,"{""name"":""rect"",""x"":0,""y"":176,""width"":900,""height"":1000}","{""terminal"":""white_terminal""}"
ZNO0308529711_21176590_30398716_2_.jpeg,260939,"{}",1,0,"{""name"":""rect"",""x"":4,""y"":128,""width"":1276,""height"":1568}","{""terminal"":""white_terminal""}"
ZNO0308549276_21187216_11254452_2_.jpeg,411009,"{}",1,0,"{""name"":""rect"",""x"":58,""y"":288,""width"":1152,""height"":1258}","{""terminal"":""white_terminal""}"
ZNO0308552634_21188404_23873330.jpg,237154,"{}",1,0,"{""name"":""rect"",""x"":505,""y"":492,""width"":372,""height"":337}","{""terminal"":""white_terminal""}"
ZNO0308554458_21189134_23516334.jpeg,171025,"{}",1,0,"{""name"":""rect"",""x"":0,""y"":208,""width"":917,""height"":1220}","{""terminal"":""white_terminal""}"
ZNO0308554658_21189232_23516337.jpeg,128604,"{}",1,0,"{""name"":""rect"",""x"":0,""y"":304,""width"":917,""height"":1279}","{""terminal"":""white_terminal""}"
ZNO0308554729_21189294_11258202.jpeg,220945,"{}",1,0,"{""name"":""rect"",""x"":0,""y"":195,""width"":1169,""height"":1346}","{""terminal"":""white_terminal""}"
ZNO0308559399_21193992_22963889.jpeg,203148,"{}",1,0,"{""name"":""rect"",""x"":350,""y"":434,""width"":589,""height"":638}","{""terminal"":""white_terminal""}"
ZNO0308559399_21193992_22963889_1_.jpeg,204473,"{}",1,0,"{""name"":""rect"",""x"":337,""y"":376,""width"":624,""height"":647}","{""terminal"":""white_terminal""}"
ZNO0308561610_21196328_23669087_1_.jpeg,132244,"{}",1,0,"{""name"":""rect"",""x"":248,""y"":350,""width"":704,""height"":784}","{""terminal"":""white_terminal""}"
ZNO0308561610_21196328_23669087_2_.jpeg,106910,"{}",1,0,"{""name"":""rect"",""x"":4,""y"":407,""width"":1129,""height"":1214}","{""terminal"":""white_terminal""}"
ZNO0308561610_21196328_23669087_3_.jpeg,183548,"{}",1,0,"{""name"":""rect"",""x"":399,""y"":341,""width"":474,""height"":492}","{""terminal"":""white_terminal""}"
ZNO0308561610_21196328_23669087_4_.jpeg,212588,"{}",1,0,"{""name"":""rect"",""x"":18,""y"":372,""width"":1152,""height"":1276}","{""terminal"":""white_terminal""}"
ZNO0308561610_21196328_23669087_5_.jpeg,297854,"{}",1,0,"{""name"":""rect"",""x"":89,""y"":399,""width"":1063,""height"":1156}","{""terminal"":""white_terminal""}"
ZNO0308562155_21196642_23669089_3_.jpeg,250191,"{}",1,0,"{""name"":""rect"",""x"":407,""y"":700,""width"":363,""height"":337}","{""terminal"":""white_terminal""}"
ZNO0308562155_21196642_23669089_4_.jpeg,192370,"{}",1,0,"{""name"":""rect"",""x"":111,""y"":399,""width"":1090,""height"":1178}","{""terminal"":""white_terminal""}"
ZNO0308562155_21196642_23669089_5_.jpeg,197301,"{}",1,0,"{""name"":""rect"",""x"":155,""y"":456,""width"":992,""height"":1121}","{""terminal"":""white_terminal""}"
ZNO0308562155_21196642_23669089_6_.jpeg,132617,"{}",1,0,"{""name"":""rect"",""x"":407,""y"":585,""width"":492,""height"":536}","{""terminal"":""white_terminal""}"
ZNO0308563862_21197256_20664517_1_.jpeg,286249,"{}",1,0,"{""name"":""rect"",""x"":69,""y"":504,""width"":1051,""height"":1046}","{""terminal"":""white_terminal""}"